index,D_0__Bacteria;D_1__Cyanobacteria;D_2__Oxyphotobacteria,D_0__Bacteria;D_1__Proteobacteria;D_2__Gammaproteobacteria,D_0__Bacteria;D_1__Proteobacteria;D_2__Alphaproteobacteria,D_0__Bacteria;D_1__Bacteroidetes;D_2__Bacteroidia,D_0__Bacteria;D_1__Verrucomicrobia;D_2__Verrucomicrobiae,D_0__Bacteria;D_1__Firmicutes;D_2__Clostridia,D_0__Bacteria;D_1__Cyanobacteria;D_2__Melainabacteria,D_0__Bacteria;D_1__Actinobacteria;D_2__Actinobacteria,D_0__Bacteria;D_1__Firmicutes;D_2__Bacilli,D_0__Bacteria;D_1__Planctomycetes;D_2__Planctomycetacia,D_0__Bacteria;D_1__Bacteroidetes;D_2__Ignavibacteria,D_0__Bacteria;D_1__Chloroflexi;D_2__Anaerolineae,D_0__Bacteria;D_1__Proteobacteria;D_2__Deltaproteobacteria,D_0__Bacteria;D_1__Actinobacteria;D_2__Thermoleophilia,D_0__Bacteria;D_1__Chloroflexi;D_2__Chloroflexia,D_0__Bacteria;D_1__Acidobacteria;D_2__Subgroup 18,D_0__Bacteria;D_1__Omnitrophicaeota;D_2__Omnitrophia,D_0__Bacteria;D_1__Bacteroidetes;D_2__Chlorobia,D_0__Archaea;D_1__Euryarchaeota;D_2__Methanomicrobia,D_0__Bacteria;D_1__Actinobacteria;D_2__Acidimicrobiia,D_0__Bacteria;D_1__Firmicutes;D_2__Erysipelotrichia,D_0__Bacteria;D_1__Latescibacteria;__,D_0__Bacteria;D_1__Chlamydiae;D_2__Chlamydiae,D_0__Archaea;D_1__Nanoarchaeaeota;D_2__Nanohaloarchaeia,D_0__Bacteria;D_1__Patescibacteria;D_2__Saccharimonadia,D_0__Bacteria;D_1__Nitrospirae;D_2__Thermodesulfovibrionia,D_0__Bacteria;D_1__Patescibacteria;D_2__Gracilibacteria,D_0__Bacteria;D_1__Acidobacteria;D_2__Holophagae,D_0__Bacteria;D_1__Acidobacteria;D_2__Aminicenantia,D_0__Bacteria;D_1__Rokubacteria;D_2__NC10,D_0__Bacteria;D_1__Acidobacteria;D_2__Acidobacteriia,D_0__Bacteria;D_1__Patescibacteria;D_2__ABY1,D_0__Bacteria;D_1__Chloroflexi;D_2__KD4-96,D_0__Bacteria;D_1__Dependentiae;D_2__Babeliae,D_0__Bacteria;D_1__Acidobacteria;D_2__Subgroup 17,D_0__Bacteria;D_1__Acidobacteria;D_2__Subgroup 6,D_0__Bacteria;D_1__Epsilonbacteraeota;D_2__Campylobacteria,D_0__Bacteria;D_1__Chloroflexi;D_2__Dehalococcoidia,D_0__Bacteria;D_1__Actinobacteria;D_2__Coriobacteriia,D_0__Bacteria;D_1__Acidobacteria;D_2__Blastocatellia (Subgroup 4),D_0__Bacteria;D_1__Patescibacteria;D_2__Parcubacteria,D_0__Bacteria;D_1__Nitrospirae;D_2__4-29-1,D_0__Bacteria;D_1__Fibrobacteres;D_2__Fibrobacteria,D_0__Bacteria;__;__,D_0__Archaea;D_1__Nanoarchaeaeota;D_2__Woesearchaeia,D_0__Bacteria;D_1__Gemmatimonadetes;D_2__Gemmatimonadetes,D_0__Bacteria;D_1__Chloroflexi;D_2__SL56 marine group,D_0__Bacteria;D_1__Acidobacteria;D_2__Subgroup 21,D_0__Bacteria;D_1__Actinobacteria;D_2__WCHB1-81,D_0__Bacteria;D_1__Patescibacteria;D_2__Berkelbacteria,D_0__Bacteria;D_1__Omnitrophicaeota;D_2__uncultured bacterium,D_0__Bacteria;D_1__LCP-89;__,D_0__Bacteria;D_1__Spirochaetes;D_2__Spirochaetia,D_0__Bacteria;D_1__Elusimicrobia;D_2__Endomicrobia,D_0__Bacteria;D_1__Planctomycetes;D_2__Phycisphaerae,D_0__Bacteria;D_1__Firmicutes;D_2__Negativicutes,D_0__Bacteria;D_1__Spirochaetes;D_2__Leptospirae,D_0__Bacteria;D_1__Omnitrophicaeota;D_2__Candidatus Omnitrophus magneticus,D_0__Bacteria;D_1__Nitrospirae;D_2__Nitrospira,D_0__Bacteria;D_1__Cloacimonetes;D_2__Cloacimonadia,D_0__Bacteria;D_1__Omnitrophicaeota;D_2__Omnitrophica WOR_2 bacterium RIFCSPLOWO2_12_FULL_51_24,D_0__Bacteria;D_1__Elusimicrobia;D_2__Lineage IIa,D_0__Bacteria;D_1__Armatimonadetes;D_2__Fimbriimonadia,D_0__Bacteria;D_1__Zixibacteria;__,D_0__Bacteria;D_1__Omnitrophicaeota;__,D_0__Bacteria;D_1__Chloroflexi;D_2__Ktedonobacteria,D_0__Bacteria;D_1__Latescibacteria;D_2__uncultured bacterium,D_0__Bacteria;D_1__Elusimicrobia;D_2__Lineage IIc,D_0__Bacteria;D_1__Margulisbacteria;D_2__uncultured bacterium,D_0__Bacteria;D_1__Acidobacteria;D_2__Subgroup 19,D_0__Bacteria;D_1__Kiritimatiellaeota;D_2__Kiritimatiellae,D_0__Bacteria;D_1__Lentisphaerae;D_2__Lentisphaeria,D_0__Bacteria;D_1__Cyanobacteria;D_2__Sericytochromatia,D_0__Bacteria;D_1__Zixibacteria;D_2__uncultured bacterium,D_0__Bacteria;D_1__Bacteroidetes;D_2__OC31,D_0__Bacteria;D_1__Planctomycetes;D_2__OM190,D_0__Bacteria;D_1__Acidobacteria;D_2__Subgroup 22,D_0__Bacteria;D_1__Spirochaetes;D_2__Brachyspirae,D_0__Bacteria;D_1__TA06;D_2__uncultured bacterium,D_0__Bacteria;D_1__Deinococcus-Thermus;D_2__Deinococci,D_0__Bacteria;D_1__Actinobacteria;D_2__MB-A2-108,D_0__Bacteria;D_1__Elusimicrobia;D_2__Elusimicrobia,D_0__Bacteria;D_1__Patescibacteria;D_2__CPR2,D_0__Bacteria;D_1__WOR-1;D_2__candidate division WOR-1 bacterium RIFOXYA12_FULL_43_27,D_0__Bacteria;D_1__FCPU426;D_2__uncultured Syntrophaceae bacterium,D_0__Bacteria;D_1__Acidobacteria;D_2__uncultured Acidobacterium sp.,D_0__Archaea;D_1__Thaumarchaeota;D_2__Nitrososphaeria,D_0__Bacteria;D_1__Margulisbacteria;D_2__uncultured Gram-positive bacterium,D_0__Bacteria;D_1__Planctomycetes;D_2__SGST604,D_0__Bacteria;D_1__Actinobacteria;__,D_0__Bacteria;D_1__Elusimicrobia;D_2__Lineage IIb,D_0__Bacteria;D_1__Hydrogenedentes;D_2__Hydrogenedentia,D_0__Archaea;D_1__Euryarchaeota;D_2__Thermoplasmata,D_0__Bacteria;D_1__Modulibacteria;D_2__Moduliflexia,D_0__Bacteria;D_1__Firmicutes;D_2__BRH-c20a,D_0__Bacteria;D_1__Elusimicrobia;D_2__Rs-M47,D_0__Bacteria;D_1__Firmicutes;__,D_0__Bacteria;D_1__Fusobacteria;D_2__Fusobacteriia,D_0__Bacteria;D_1__Acetothermia;D_2__Acetothermiia,D_0__Bacteria;D_1__Planctomycetes;D_2__vadinHA49,barcode-sequence,sample-type,pond-name,sample-location,sample-depth,time-of-day,dna-elution-vol,dna-concentration,dna-qual
NC2,70,94,11,28,0,0,0,8,0,0,10,0,0,0,0,0,0,0,0,0,0,0,0,0,0,0,0,0,0,0,0,0,0,0,0,0,0,0,0,0,0,0,0,0,0,0,0,0,0,0,0,0,0,0,0,0,0,0,0,0,0,0,0,0,0,0,0,0,0,0,0,0,0,0,0,0,0,0,0,0,0,0,0,0,0,0,0,0,0,0,0,0,0,0,0,0,0,0,0,0,,control_neg,,,,,75,2.7,1.38
NC3,124,101,94,18,54,0,0,9,0,0,0,0,0,0,0,0,0,0,0,0,0,0,0,23,0,0,0,0,0,0,0,0,0,0,0,0,0,0,0,0,0,0,0,0,0,0,0,0,0,0,0,0,0,0,0,0,0,0,0,0,0,0,0,0,0,0,0,0,0,0,0,0,0,0,0,0,0,0,0,0,0,0,0,0,0,0,0,0,0,0,0,0,0,0,0,0,0,0,0,0,,control_neg,,,,,75,3.9,1.78
NC4,132,63,39,0,11,0,0,0,0,0,0,0,2,0,0,0,0,0,0,0,0,0,0,0,0,0,0,0,0,0,0,0,0,0,0,0,0,0,0,0,0,0,0,0,0,0,0,0,0,0,0,0,0,0,0,0,0,0,0,0,0,0,0,0,0,0,0,0,0,0,0,0,0,0,0,0,0,0,0,0,0,0,0,0,0,0,0,0,0,0,0,0,0,0,0,0,0,0,0,0,,control_neg,,,,,75,2.4,1.95
PCR-blank,0,45,0,0,0,0,0,0,0,0,0,0,0,0,0,0,0,0,0,0,0,0,0,0,0,0,0,0,0,0,0,0,0,0,0,0,0,0,0,0,0,0,0,0,0,0,0,0,0,0,0,0,0,0,0,0,0,0,0,0,0,0,0,0,0,0,0,0,0,0,0,0,0,0,0,0,0,0,0,0,0,0,0,0,0,0,0,0,0,0,0,0,0,0,0,0,0,0,0,0,,control_neg,,,,,,,
S10,39,146,246,396,116,52,4,5,38,7,21,52,125,58,0,0,6,0,2,0,0,0,16,2,0,11,4,2,7,0,5,2,2,12,16,0,0,20,6,0,2,0,10,13,4,0,0,0,0,0,15,7,2,3,0,2,0,0,0,5,2,0,0,4,4,0,3,3,0,0,0,0,0,0,0,0,0,0,0,0,2,0,0,0,0,0,0,0,0,0,0,0,0,0,0,0,0,0,0,0,,sediment,Wye,,,,75,17.96,1.75
S11,565,92,53,76,0,965,23,32,241,6,15,10,90,2,0,8,0,0,0,0,20,3,6,0,0,0,2,0,0,0,0,12,17,0,3,0,0,0,0,0,19,0,0,7,0,0,0,0,0,8,2,0,0,0,0,0,2,0,0,0,0,0,0,0,0,0,0,0,3,0,0,0,2,0,0,0,0,0,0,0,0,2,2,0,0,0,0,0,0,0,0,0,0,0,0,0,0,0,0,0,,sediment,Wye,,,,75,17.74,1.85
S2,519,221,88,208,50,1370,24,0,249,0,19,0,221,107,0,12,0,35,0,0,28,7,33,0,0,0,5,0,16,0,0,14,0,4,0,6,0,0,12,0,0,0,4,2,8,0,0,0,0,2,18,0,0,0,0,0,2,5,0,0,0,0,0,0,0,0,0,0,0,3,0,0,0,0,0,0,0,0,0,0,0,0,0,2,0,0,0,0,0,0,0,0,0,0,0,0,0,0,0,0,,sediment,Wye,,,,75,17.4,1.88
S3,284,167,80,101,12,99,0,0,54,0,3,34,9,10,0,0,10,0,0,0,0,0,3,0,0,0,0,0,9,0,0,0,0,0,0,4,0,0,0,0,0,0,0,0,0,0,0,0,0,0,4,0,2,0,0,0,0,0,0,0,0,0,0,0,0,0,0,0,0,0,0,0,0,0,0,0,0,0,0,0,0,0,0,0,0,0,0,0,0,0,0,0,0,0,0,0,0,0,0,0,,sediment,Wye,,,,75,12.8,2.02
S4,40,350,107,217,15,303,0,5,88,0,25,14,107,22,0,0,0,0,21,0,0,0,2,0,0,6,20,0,4,0,15,0,0,0,0,2,0,6,0,0,0,11,0,5,5,0,0,9,0,0,6,0,14,3,0,2,6,0,0,5,0,0,0,0,2,0,0,0,0,0,3,0,0,0,0,0,0,0,0,0,0,0,0,0,2,2,0,0,0,0,0,0,0,0,0,0,0,0,0,0,,sediment,Wye,,,,75,7.5,2.04
S5,448,139,48,186,51,659,12,20,162,12,5,36,123,58,0,0,0,9,0,0,0,4,0,0,0,5,22,0,5,0,0,0,0,0,0,0,0,0,0,0,0,0,0,6,3,0,0,0,9,0,0,0,0,0,0,0,0,6,0,0,0,0,0,0,0,0,0,0,0,0,2,3,3,0,0,0,0,0,0,0,0,0,0,0,0,0,2,0,0,0,0,0,0,0,0,0,0,0,0,0,,sediment,Wye,,,,75,17.6,1.95
S6,243,381,107,158,52,167,2,0,91,0,22,47,282,0,0,48,32,0,0,0,0,17,7,0,4,23,0,0,22,0,0,5,0,6,0,2,0,18,0,0,6,0,0,12,0,0,0,0,0,0,14,0,0,0,0,0,3,0,0,0,5,0,0,0,0,0,0,0,0,0,2,0,0,0,0,0,0,0,0,0,0,0,0,0,0,0,0,2,2,0,0,0,0,0,0,0,0,0,0,0,,sediment,Wye,,,,75,11.8,1.94
S7,253,652,175,763,139,141,0,0,78,2,40,273,163,41,0,21,28,0,0,0,0,0,2,0,14,0,0,12,4,19,0,2,0,15,0,16,0,4,0,0,13,0,3,2,2,9,0,0,0,2,5,0,7,5,3,0,0,0,0,0,0,0,0,0,3,0,0,0,0,0,0,0,0,3,3,0,0,0,0,0,0,2,0,0,0,0,0,0,0,2,2,2,0,0,0,0,0,0,0,0,,sediment,Wye,,,,75,7.8,2.07
S8,906,182,46,132,8,1080,12,35,160,22,15,57,104,3,0,4,0,21,0,4,0,0,7,0,7,0,22,0,0,0,0,28,0,4,0,0,5,0,0,0,2,0,0,3,0,0,0,0,0,0,4,0,0,0,0,0,0,6,0,0,0,0,0,0,0,0,0,0,0,0,0,0,0,0,0,0,0,0,2,0,0,0,0,0,0,0,0,0,0,0,0,0,2,2,2,2,0,0,0,0,,sediment,Wye,,,,75,22.6,1.93
S9,254,440,270,715,150,248,0,9,50,6,11,268,242,27,0,0,39,0,44,8,3,25,2,0,6,2,0,22,27,0,0,0,0,17,0,0,0,0,0,0,3,0,2,10,21,0,0,0,0,0,5,0,7,7,7,0,0,0,6,0,0,0,0,0,0,4,0,0,0,0,0,2,0,0,0,0,0,0,0,0,0,0,0,0,0,0,0,0,0,0,0,0,0,0,0,0,0,0,0,0,,sediment,Wye,,,,75,6.5,2.09
Sed-blank-DIW,4,0,0,7,0,0,0,0,0,0,0,0,0,0,0,0,0,0,0,0,0,0,0,0,0,0,0,0,0,0,0,0,0,0,0,0,0,0,0,0,0,0,0,0,0,0,0,0,0,0,0,0,0,0,0,0,0,0,0,0,0,0,0,0,0,0,0,0,0,0,0,0,0,0,0,0,0,0,0,0,0,0,0,0,0,0,0,0,0,0,0,0,0,0,0,0,0,0,0,0,,control_neg,,,,,75,1.17,2.06
Sed-blank-filter,135,100,0,46,8,0,0,0,0,4,0,0,0,0,0,0,0,0,0,0,0,0,25,0,0,0,0,0,0,0,0,0,0,0,0,0,0,0,0,0,0,0,0,0,0,0,0,0,0,0,0,0,0,0,0,0,0,0,0,0,0,0,0,0,0,0,0,0,0,0,0,0,0,0,0,0,0,0,0,0,0,0,0,0,0,0,0,0,0,0,0,0,0,0,0,0,0,0,0,0,,control_neg,,,,,75,1.37,1.06
W1,544,342,83,284,90,8,0,0,0,10,7,0,18,0,0,0,0,0,0,0,0,0,0,0,0,0,0,0,0,0,0,0,0,0,0,0,2,0,0,0,0,0,0,0,0,4,0,0,0,0,0,0,0,0,0,0,0,0,0,0,0,0,0,0,0,0,0,0,0,0,0,0,0,0,0,0,0,0,0,0,0,0,0,0,0,0,0,0,0,0,0,0,0,0,0,0,0,0,0,0,,water,Wye,1,1,9,75,44.8,1.98
W10,533,293,66,370,31,0,0,19,0,0,17,0,17,0,14,0,0,0,0,0,0,0,0,0,4,0,0,0,0,0,0,0,0,0,0,0,0,0,0,0,0,0,0,0,0,0,0,0,0,0,0,0,0,0,0,0,0,0,0,0,0,0,0,0,0,0,0,0,0,0,0,0,0,0,0,0,0,0,0,0,0,0,0,0,0,0,0,0,0,0,0,0,0,0,0,0,0,0,0,0,,water,Wye,6,1,9,75,40.3,2.05
W11,345,412,90,185,49,4,0,0,0,0,0,0,20,0,0,0,0,0,0,0,0,0,0,0,0,0,0,0,0,0,0,0,0,0,0,0,0,0,0,0,0,0,0,2,0,0,0,0,0,0,0,0,0,0,0,0,0,0,0,0,0,0,0,0,0,0,0,0,0,0,0,0,0,0,0,0,0,0,0,0,0,0,0,0,0,0,0,0,0,0,0,0,0,0,0,0,0,0,0,0,,water,Wye,7,1,9,75,86.4,2
W12,585,385,73,145,54,2,0,0,0,10,18,0,16,0,5,0,0,0,0,0,0,0,0,0,0,0,0,0,0,0,0,0,0,0,0,0,0,0,0,0,0,0,0,0,0,0,0,0,0,0,0,0,0,0,0,0,0,0,0,0,0,0,0,0,0,0,0,0,0,0,0,0,0,0,0,0,0,0,0,0,0,0,0,0,0,0,0,0,0,0,0,0,0,0,0,0,0,0,0,0,,water,Wye,8,1,9,75,67.5,2.02
W13,564,534,96,287,70,0,0,20,0,3,15,0,21,0,0,0,0,0,0,0,2,0,0,0,0,0,0,0,0,0,0,0,0,0,0,7,0,0,0,0,0,0,0,0,0,0,0,0,0,0,0,0,0,0,0,0,0,0,0,0,0,0,0,0,0,0,0,0,0,0,0,0,0,0,0,0,0,0,0,0,0,0,0,0,0,0,0,0,0,0,0,0,0,0,0,0,0,0,0,0,,water,Wye,8,2,9,75,68.6,2.07
W14,588,405,175,375,112,15,0,0,0,0,20,11,10,0,14,0,0,0,0,0,0,2,0,0,0,0,0,0,0,0,4,0,0,0,0,13,0,0,0,0,0,0,0,0,0,0,0,0,0,0,0,0,0,0,0,0,0,0,0,0,0,0,0,0,0,0,0,0,0,0,0,0,0,0,0,0,0,0,0,0,0,0,0,0,0,0,0,0,0,0,0,0,0,0,0,0,0,0,0,0,,water,Wye,8,3,9,75,36.7,2.02
W15,599,467,81,240,94,2,0,0,0,0,0,7,26,0,10,0,0,0,0,0,0,0,0,0,0,0,0,0,0,0,0,0,0,0,0,0,0,0,0,0,0,0,0,0,0,0,0,0,0,0,0,0,0,0,0,0,0,0,0,0,0,0,0,0,0,0,0,0,0,0,0,0,0,0,0,0,0,0,0,0,0,0,0,0,0,0,0,0,0,0,0,0,0,0,0,0,0,0,0,0,,water,Wye,9,1,9,75,39.4,2.06
W16,710,669,151,374,90,0,0,15,0,0,18,4,34,0,16,0,0,0,0,8,0,0,0,0,0,0,0,0,0,0,0,0,0,0,0,10,3,0,0,0,0,0,0,0,0,0,0,0,0,0,0,0,0,0,0,0,0,0,0,0,0,0,0,0,0,0,0,0,0,0,0,0,0,0,0,0,0,0,0,0,0,0,0,0,0,0,0,0,0,0,0,0,0,0,0,0,0,0,0,0,,water,Wye,10,1,9,75,35.2,1.96
W17,924,507,147,349,60,0,0,0,0,22,15,0,25,0,0,0,0,0,0,0,0,0,0,0,0,0,0,0,0,0,0,0,0,0,0,0,0,0,0,0,0,0,0,0,0,0,0,0,0,0,2,0,0,0,0,0,0,0,0,0,0,0,0,0,0,0,0,0,0,0,0,0,0,0,0,0,0,0,0,0,0,0,0,0,0,0,0,0,0,0,0,0,0,0,0,0,0,0,0,0,,water,Wye,11,1,9,75,56.1,1.86
W18,798,437,103,421,136,4,0,0,0,0,23,0,5,0,0,0,0,0,0,10,0,0,0,0,0,0,0,0,0,0,0,0,0,0,0,0,0,0,0,0,0,0,0,0,0,0,0,0,0,0,0,0,0,0,0,0,0,0,0,0,0,0,0,0,0,0,0,0,0,0,0,0,0,0,0,0,0,0,0,0,0,0,0,0,0,0,0,0,0,0,0,0,0,0,0,0,0,0,0,0,,water,Wye,11,2,9,75,38.6,1.97
W19,836,431,144,515,120,5,0,15,0,15,22,0,40,0,15,0,0,0,0,0,0,0,0,0,7,0,0,0,0,0,0,0,0,0,0,11,0,0,0,0,0,0,0,0,0,0,0,0,0,0,0,0,0,0,0,0,0,0,0,0,0,0,0,0,0,0,0,0,0,0,0,0,0,0,0,0,0,0,0,0,0,0,0,0,0,0,0,0,0,0,0,0,0,0,0,0,0,0,0,0,,water,Wye,11,3,9,75,31.7,1.97
W2,458,302,95,216,76,7,0,0,0,13,17,0,20,0,0,0,0,0,0,0,0,0,0,0,0,0,0,0,0,0,0,0,0,0,0,0,0,0,0,0,0,0,0,0,0,0,0,0,0,0,0,0,0,0,0,0,0,0,0,0,0,0,0,0,0,0,0,0,0,0,0,0,0,0,0,0,0,0,0,0,0,0,0,0,0,0,0,0,0,0,0,0,0,0,0,0,0,0,0,0,,water,Wye,2,1,9,75,48,2.03
W20,854,144,91,163,7,16,0,16,0,0,6,0,0,0,0,0,0,0,0,0,0,0,0,0,0,0,0,0,0,0,0,0,0,0,0,0,0,0,0,0,0,0,0,0,0,0,0,0,0,0,0,0,0,0,0,0,0,0,0,0,0,0,0,0,0,0,0,0,0,0,0,0,0,0,0,0,0,0,0,0,0,0,0,0,0,0,0,0,0,0,0,0,0,0,0,0,0,0,0,0,,water,Wye,12,1,9,75,39.8,1.94
W21,668,525,94,308,102,0,0,0,0,0,26,7,15,0,11,0,0,0,0,0,0,0,0,0,0,0,0,3,0,0,0,0,0,0,0,0,0,0,0,0,0,0,0,0,0,0,0,0,0,0,0,0,0,0,0,0,0,0,0,0,0,0,0,0,0,0,0,0,0,0,0,0,0,0,0,0,0,0,0,0,0,0,0,0,0,0,0,0,0,0,0,0,0,0,0,0,0,0,0,0,,water,Wye,1,1,12,75,27.3,2.03
W22,972,566,148,426,122,0,0,15,0,21,34,0,13,0,16,0,0,0,0,0,0,0,0,0,0,0,0,0,0,0,0,2,0,0,0,0,0,0,0,0,0,0,0,0,0,0,0,0,0,0,0,0,0,0,0,0,0,0,0,0,0,0,0,0,0,0,0,0,0,0,0,0,0,0,0,0,0,0,0,0,0,0,0,0,0,0,0,0,0,0,0,0,0,0,0,0,0,0,0,0,,water,Wye,2,1,12,75,29.6,1.96
W23,646,649,150,436,119,5,2,0,0,21,34,0,29,0,13,0,0,0,0,0,0,0,0,0,0,0,0,0,0,0,0,0,0,0,0,0,0,0,0,0,0,0,0,0,0,0,0,0,0,0,0,0,0,0,0,0,0,0,0,0,0,0,0,0,0,0,0,0,0,0,0,0,0,0,0,0,0,0,0,0,0,0,0,0,0,0,0,0,0,0,0,0,0,0,0,0,0,0,0,0,,water,Wye,2,2,12,75,21.8,1.99
W24,645,602,64,308,99,9,0,29,2,0,30,0,41,0,18,0,0,0,0,0,0,0,0,0,0,0,0,0,0,0,0,0,0,0,0,12,0,0,0,0,0,0,0,0,0,0,0,0,0,0,0,0,0,0,0,0,0,0,0,0,0,0,0,0,0,0,0,0,0,0,0,0,0,0,0,0,0,0,0,0,0,0,0,0,0,0,0,0,0,0,0,0,0,0,0,0,0,0,0,0,,water,Wye,2,3,12,75,26.09,1.92
W25,551,425,112,234,67,0,0,15,0,0,16,0,26,0,8,0,0,0,0,0,0,0,0,0,7,0,0,0,0,0,0,0,0,0,0,0,0,0,0,0,0,0,0,0,0,0,0,0,0,0,0,0,0,0,0,0,0,0,0,0,0,0,0,0,0,0,0,0,0,0,0,0,0,0,0,0,0,0,0,0,0,0,0,0,0,0,0,0,0,0,0,0,0,0,0,0,0,0,0,0,,water,Wye,3,1,12,75,30.3,1.99
W26,1021,255,82,250,88,16,0,0,0,26,0,0,0,0,11,0,0,0,0,0,0,0,0,0,0,0,0,0,0,0,0,0,0,0,0,0,0,0,0,0,0,0,0,0,0,0,0,0,0,0,0,0,0,0,0,0,0,0,0,0,0,0,0,0,0,0,0,0,0,0,0,0,0,0,0,0,0,0,0,0,0,0,0,0,0,0,0,0,0,0,0,0,0,0,0,0,0,0,0,0,,water,Wye,4,1,12,75,16.07,2.05
W27,453,601,127,259,121,2,0,45,0,0,0,0,18,0,13,0,0,0,0,0,0,0,0,0,8,0,0,0,0,0,0,0,0,0,0,0,0,0,0,0,0,0,0,0,0,0,0,0,0,0,0,0,0,0,0,0,0,0,0,0,0,0,0,0,0,0,0,0,0,0,0,0,0,0,0,0,0,0,0,0,0,0,0,0,0,0,0,0,0,0,0,0,0,0,0,0,0,0,0,0,,water,Wye,5,1,12,75,51.79,1.95
W28,724,466,126,308,137,0,0,0,0,16,23,9,34,0,17,0,0,0,0,0,0,0,0,0,7,0,0,2,0,0,0,0,0,0,0,0,0,0,0,0,0,0,0,0,0,0,0,0,0,0,0,0,0,0,0,0,0,0,0,0,0,0,0,0,0,0,0,0,0,0,0,0,0,0,0,0,0,0,0,0,0,0,0,0,0,0,0,0,0,0,0,0,0,0,0,0,0,0,0,0,,water,Wye,5,2,12,75,33.44,1.87
W29,491,845,119,357,158,14,0,0,0,31,32,5,53,0,18,0,0,0,0,0,0,0,0,0,0,0,2,4,0,0,0,0,0,0,0,11,0,0,0,0,0,0,0,2,0,0,0,0,0,0,0,0,0,0,0,0,0,0,0,0,0,0,0,0,0,0,0,0,0,0,0,0,0,0,0,0,0,0,0,0,0,0,0,0,0,0,0,0,0,0,0,0,0,0,0,0,0,0,0,0,,water,Wye,5,3,12,75,30.29,1.92
W3,621,381,103,355,86,3,0,10,0,0,20,11,0,0,0,0,0,0,0,4,0,0,0,0,5,0,0,0,0,0,0,0,0,0,0,0,0,0,0,0,0,0,0,0,0,0,0,0,0,0,0,0,0,0,0,0,0,0,0,0,0,0,0,0,0,0,0,0,0,0,0,0,0,0,0,0,0,0,0,0,0,0,0,0,0,0,0,0,0,0,0,0,0,0,0,0,2,0,0,0,,water,Wye,2,2,9,75,32.8,2.14
W30,777,565,174,463,43,0,0,25,0,0,29,7,79,0,20,0,0,0,0,10,0,0,0,0,10,0,0,0,0,0,0,0,0,2,0,8,0,0,0,0,0,0,0,0,0,0,0,0,0,0,0,0,0,0,3,0,0,0,0,0,0,0,0,0,0,0,0,0,0,0,0,0,0,0,0,0,0,0,0,0,0,0,0,0,0,0,0,0,0,0,0,0,0,0,0,0,0,0,0,0,,water,Wye,6,1,12,75,26.36,1.99
W31,854,536,167,411,93,14,0,0,0,26,24,0,32,0,16,0,0,0,0,13,0,0,4,0,0,0,0,0,0,0,0,0,0,0,0,0,0,0,0,0,0,0,0,0,0,2,0,0,0,0,2,0,0,0,0,0,0,0,0,0,0,0,0,0,0,0,0,0,0,0,0,0,0,0,0,0,0,0,0,0,0,0,0,0,0,0,0,0,0,0,0,0,0,0,0,0,0,2,0,0,,water,Wye,7,1,12,75,14.82,2
W32,855,658,204,375,92,3,0,58,0,15,30,0,24,0,7,0,0,0,0,0,0,0,0,0,0,0,0,0,0,0,0,0,0,0,0,9,0,0,0,0,0,0,0,0,0,0,0,0,0,0,0,0,0,0,0,0,0,0,0,0,0,0,0,0,0,0,0,0,0,0,0,0,0,0,0,0,0,0,0,0,0,0,0,0,0,0,0,0,0,0,0,0,0,0,0,0,0,0,0,0,,water,Wye,8,1,12,75,99.99,1.92
W33,653,700,202,469,144,0,0,17,0,0,36,11,16,0,15,0,0,0,0,0,0,0,0,0,11,0,0,4,0,0,0,0,0,0,0,12,0,0,0,0,0,0,0,0,2,0,0,0,0,0,0,0,0,0,0,0,0,0,0,0,0,0,0,0,0,0,0,0,0,0,0,0,0,0,0,0,0,0,0,0,0,0,0,0,0,0,0,0,0,0,0,0,0,0,0,0,0,0,0,0,,water,Wye,8,2,12,75,23.75,1.94
W34,812,674,141,317,110,14,0,31,0,0,26,10,30,0,19,0,0,0,0,18,0,0,0,0,8,0,0,0,2,0,0,0,0,0,0,13,0,0,0,0,2,0,0,0,0,0,0,0,0,0,0,0,0,0,0,0,0,0,0,0,0,0,0,0,0,0,0,0,0,0,0,0,0,0,0,0,0,0,0,0,0,2,0,0,0,0,0,0,0,0,0,0,0,0,0,0,0,0,2,2,,water,Wye,8,3,12,75,34.01,1.94
W35,824,517,171,298,122,11,0,24,0,0,27,6,20,6,24,0,0,0,0,0,0,0,0,0,0,0,0,0,0,0,0,0,0,0,0,0,4,0,0,0,0,0,0,0,0,0,0,0,0,0,0,0,0,0,0,0,0,0,0,0,0,0,0,0,0,0,0,0,0,0,0,0,0,0,0,0,0,0,0,0,0,0,0,0,0,0,0,0,0,0,0,0,0,0,0,0,0,0,0,0,,water,Wye,9,1,12,75,61.87,1.92
W36,1191,444,180,409,86,18,0,14,0,7,29,10,12,0,18,0,0,0,0,0,0,0,2,0,8,0,0,0,0,0,0,0,0,0,0,0,0,0,0,0,0,0,0,0,0,0,0,0,0,0,2,0,0,0,0,0,0,0,0,0,0,0,0,0,0,0,0,0,0,0,0,0,0,0,0,0,0,0,0,0,0,0,0,0,0,0,0,0,0,0,0,0,0,0,0,0,0,0,0,0,,water,Wye,10,1,12,75,22,1.94
W37,1026,543,237,316,74,45,0,35,0,12,31,14,50,0,14,0,0,0,0,21,6,0,0,0,0,0,0,6,0,0,0,0,0,0,0,0,2,0,0,0,0,0,0,0,0,0,0,0,0,0,0,0,0,0,5,0,0,0,0,0,0,0,0,0,0,0,0,0,0,0,0,0,0,0,0,0,0,0,0,0,0,0,0,0,0,0,0,0,0,0,0,0,0,0,0,0,0,0,0,0,,water,Wye,11,1,12,75,29.07,1.96
W38,695,773,161,489,211,6,0,29,0,6,49,0,62,0,22,0,2,0,0,5,0,0,2,0,16,0,0,0,0,0,0,0,0,0,0,0,0,0,0,0,0,0,0,0,0,0,0,0,0,0,0,0,0,0,0,0,3,0,0,0,0,0,0,0,0,0,0,0,0,0,0,0,0,0,0,0,0,0,0,0,0,0,0,0,0,0,0,0,0,0,0,0,0,0,0,0,0,0,0,0,,water,Wye,11,2,12,75,22.81,1.93
W39,858,599,193,443,128,26,0,0,0,0,34,7,57,0,27,0,0,0,0,0,0,0,0,0,0,0,0,0,0,0,0,0,0,0,0,16,0,0,0,0,0,0,2,0,0,0,0,0,0,0,0,0,0,0,0,0,0,0,0,0,0,0,0,0,0,0,0,0,0,0,0,0,0,0,0,0,0,0,0,0,0,0,0,0,0,0,0,0,0,0,0,0,0,0,0,0,0,0,0,0,,water,Wye,11,3,12,75,22.32,1.92
W4,667,510,82,259,112,0,0,19,0,0,20,0,15,0,0,0,0,0,0,0,0,0,0,0,0,0,0,4,0,0,0,0,0,0,0,0,0,0,0,0,0,0,0,0,0,0,0,0,0,0,0,0,0,0,0,0,0,0,0,0,0,0,0,0,0,0,0,0,0,0,0,0,0,0,0,0,0,0,0,0,0,0,0,0,0,0,0,0,0,0,0,0,0,0,0,0,0,0,0,0,,water,Wye,2,3,9,75,29.8,2.12
W40,851,505,202,317,76,13,0,26,0,36,18,0,40,0,27,0,0,0,0,9,0,0,2,0,3,0,0,0,0,0,0,0,0,0,0,0,0,0,0,0,0,0,0,0,0,0,0,0,0,0,0,0,0,0,0,0,0,0,0,0,0,0,0,0,0,0,0,0,0,0,0,0,0,0,0,0,0,0,0,0,0,0,0,0,0,0,0,0,0,0,0,0,0,0,0,0,0,0,0,0,,water,Wye,12,1,12,75,26.86,1.94
W41,471,769,198,465,86,0,0,29,0,0,26,0,26,0,21,0,0,0,0,10,0,0,0,0,0,0,0,0,0,0,0,0,0,0,0,15,0,0,0,0,0,0,0,0,0,0,0,0,0,0,0,0,0,0,0,0,0,0,0,0,0,0,0,0,0,0,0,0,0,0,0,0,0,0,0,0,0,0,0,0,0,0,0,0,0,0,0,0,0,0,0,0,0,0,0,0,0,0,0,0,,water,Wye,1,1,15,75,36.7,1.63
W42,615,476,117,271,65,14,0,0,0,0,18,0,2,0,12,0,0,0,0,0,0,0,0,0,5,0,0,0,0,0,0,0,0,2,0,0,0,0,0,0,0,0,0,0,0,0,0,0,0,0,0,0,0,0,0,0,0,0,0,0,0,0,0,0,0,0,0,0,0,0,0,0,0,0,0,0,0,0,0,0,0,0,0,0,0,0,0,0,0,0,0,0,0,0,0,0,0,0,0,0,,water,Wye,2,1,15,75,43.55,1.97
W43,856,817,241,602,69,9,0,16,0,52,51,0,122,0,21,0,0,0,0,0,0,0,0,0,13,0,0,6,0,0,0,0,0,0,0,14,0,0,0,0,2,0,0,0,0,0,0,0,0,0,0,0,0,0,0,0,0,0,0,0,0,0,0,0,0,0,0,0,0,0,0,0,0,0,0,0,0,0,0,0,0,0,0,0,0,0,0,0,0,0,0,0,0,0,0,0,0,0,0,0,,water,Wye,2,2,15,75,26.89,1.94
W44,553,672,167,347,139,4,0,18,0,24,24,6,7,0,15,0,0,8,0,0,0,0,0,0,6,0,0,9,0,0,0,0,0,0,0,0,0,0,0,0,0,0,0,0,0,0,0,0,0,0,0,0,0,0,0,0,0,0,0,0,0,0,0,0,0,0,0,0,0,0,0,0,0,0,0,0,0,0,0,0,0,0,0,0,0,0,0,0,0,0,0,0,0,0,0,0,0,0,0,0,,water,Wye,2,3,15,75,27.85,1.9
W45,485,429,171,182,80,11,0,47,0,0,19,0,2,0,11,0,0,0,0,0,0,0,0,0,3,0,0,0,0,0,0,0,0,0,0,0,0,0,0,0,0,0,0,0,0,0,0,0,0,0,0,0,0,0,0,0,0,0,0,0,0,0,0,0,0,0,0,0,0,0,0,0,0,0,0,0,0,0,0,0,0,0,0,0,0,0,0,0,0,0,0,0,0,0,0,0,0,0,0,0,,water,Wye,3,1,15,75,61.28,1.93
W46,695,502,255,315,73,20,0,20,0,6,15,0,32,0,0,0,0,0,0,0,0,0,0,0,0,0,0,0,0,0,0,0,0,0,0,0,0,0,0,0,0,0,0,0,0,0,0,0,0,0,0,0,0,0,0,0,0,0,0,0,0,0,0,0,0,0,0,0,0,0,0,0,0,0,0,0,0,0,0,0,0,0,0,0,0,0,0,0,0,0,0,0,0,0,0,0,0,0,0,0,,water,Wye,4,1,15,75,32.32,1.95
W47,739,531,192,275,71,14,0,45,0,21,23,0,13,0,14,0,0,0,0,6,0,0,0,0,5,0,0,0,0,0,0,0,0,0,0,0,0,0,0,0,0,0,0,0,0,0,0,0,0,0,0,0,0,0,0,0,0,0,0,0,0,0,0,0,0,0,0,0,0,0,0,0,0,0,0,0,0,0,0,0,0,0,0,0,0,0,0,0,0,0,0,0,0,0,0,0,0,0,0,0,,water,Wye,5,1,15,75,38.15,1.9
W48,770,931,242,385,194,0,0,41,0,6,34,0,63,0,22,0,0,0,0,0,0,0,0,0,12,0,0,0,0,0,0,0,0,0,0,14,0,0,0,0,0,0,0,0,0,0,0,0,0,0,0,0,0,0,0,0,0,0,0,0,0,0,0,0,0,0,0,0,0,0,0,0,0,0,0,0,0,0,0,0,0,0,0,0,0,0,0,0,0,0,0,0,0,0,0,0,0,0,0,0,,water,Wye,5,2,15,75,28.9,1.86
W49,943,767,227,371,184,16,3,44,0,16,29,0,66,11,26,0,0,0,0,13,0,0,0,0,0,0,0,0,0,0,0,0,0,2,0,13,0,0,0,0,2,0,0,0,0,0,0,0,0,0,0,0,0,0,0,0,0,0,0,0,0,0,0,0,0,0,0,0,0,0,0,0,0,0,0,0,0,0,0,0,0,0,0,0,0,0,0,0,0,0,0,0,0,0,0,0,0,0,0,0,,water,Wye,5,3,15,75,30.62,1.88
W5,586,380,62,240,71,9,0,0,0,0,13,0,11,0,0,0,0,0,0,0,0,0,0,0,8,0,0,0,0,0,0,0,0,0,0,0,0,0,0,0,0,0,0,0,0,0,0,0,0,0,0,0,0,0,0,0,0,0,0,0,0,0,0,0,0,0,0,0,0,0,0,0,0,0,0,0,0,0,0,0,0,0,0,0,0,0,0,0,0,0,0,0,0,0,0,0,0,0,0,0,,water,Wye,3,1,9,75,24.7,2.15
W50,682,534,217,173,20,12,0,14,2,0,11,0,23,0,11,0,0,0,0,0,0,0,0,0,0,0,0,0,0,0,0,0,0,0,0,0,0,0,0,0,0,0,0,0,0,0,0,0,0,0,0,0,0,0,0,0,0,0,0,0,0,0,0,0,0,0,0,0,0,0,0,0,0,0,0,0,0,0,0,0,0,0,0,0,0,0,0,0,0,0,0,0,0,0,0,0,0,0,0,0,,water,Wye,6,1,15,75,105.34,1.9
W51,1298,618,138,452,110,13,0,55,0,11,23,6,52,11,19,0,3,0,2,8,0,0,6,0,0,0,0,0,0,0,0,0,0,0,0,0,2,0,0,0,0,0,0,0,0,0,0,0,0,0,0,0,0,0,0,0,0,0,0,0,0,0,0,0,0,0,0,0,0,0,0,0,0,0,0,0,0,0,0,0,0,0,0,0,0,0,0,0,0,0,0,0,0,0,0,0,0,0,0,0,,water,Wye,7,1,15,75,39.22,1.89
W52,937,650,226,385,51,15,0,0,0,34,30,7,39,14,12,0,0,0,0,0,0,0,0,0,0,0,0,0,0,0,0,0,0,0,0,9,0,0,0,0,0,0,0,0,0,0,0,0,0,0,0,0,0,0,0,0,0,0,0,0,0,0,0,0,0,0,0,0,0,0,0,0,0,0,0,0,0,0,0,0,0,0,0,0,0,0,0,0,0,0,0,0,0,0,0,0,0,0,0,0,,water,Wye,8,1,15,75,153.82,1.9
W53,1086,1070,165,557,140,0,0,50,4,18,31,9,74,9,47,0,0,0,0,18,0,0,0,0,13,0,0,0,0,0,0,0,0,0,0,14,0,0,0,0,0,0,0,0,0,0,0,0,0,0,0,0,0,0,0,0,0,0,0,0,0,0,0,0,0,0,0,0,0,0,0,0,0,0,0,0,0,0,0,0,0,0,0,0,0,0,0,0,0,0,0,0,0,0,0,0,0,0,0,0,,water,Wye,8,2,15,75,21.14,1.83
W54,1087,978,342,557,198,39,0,25,0,34,59,9,64,0,47,0,0,0,0,29,0,0,0,0,2,0,2,0,0,0,0,0,0,0,0,13,5,0,0,0,0,0,0,0,0,0,0,0,0,0,2,0,0,0,3,0,0,0,0,0,0,0,0,0,0,0,0,0,0,0,0,0,0,0,0,0,0,0,0,0,0,0,0,0,0,0,0,0,0,0,0,0,0,0,0,0,0,0,0,0,,water,Wye,8,3,15,75,27.57,1.89
W55,817,826,262,563,123,3,0,70,0,43,35,0,61,4,28,0,0,0,0,16,0,0,0,0,0,0,0,0,0,0,6,0,0,0,0,0,0,0,0,0,0,0,0,0,0,0,0,0,0,0,0,0,0,0,0,0,0,0,0,0,0,0,0,0,0,0,0,0,0,0,0,0,0,0,0,0,0,0,0,0,0,0,0,0,0,0,0,0,0,0,0,0,0,0,0,0,0,0,0,0,,water,Wye,9,1,15,75,65.34,1.9
W56,1241,604,162,438,83,2,0,44,0,4,18,0,48,0,25,0,0,0,0,0,0,0,0,0,0,0,0,0,0,0,0,0,0,0,0,0,0,0,0,0,0,0,0,0,0,0,0,0,0,0,0,0,0,0,0,0,0,0,0,0,0,0,0,0,0,0,0,0,0,0,0,0,0,0,0,0,0,0,0,0,0,0,0,0,0,0,0,0,0,0,0,0,0,0,0,0,0,0,0,0,,water,Wye,10,1,15,75,44.96,1.89
W57,954,433,162,341,105,9,0,27,0,0,19,8,7,0,9,0,0,0,0,0,0,0,0,0,0,0,0,0,0,0,0,0,0,0,0,5,0,0,0,0,0,0,0,0,0,0,0,0,0,0,0,0,0,0,2,0,0,0,0,0,0,0,0,0,0,0,0,0,0,0,0,0,0,0,0,0,0,0,0,0,0,0,0,0,0,0,0,0,0,0,0,0,0,0,0,0,0,0,0,0,,water,Wye,11,1,15,75,38.62,1.85
W58,814,440,88,430,174,4,0,21,3,0,36,0,8,0,15,0,2,0,0,0,0,0,0,0,0,0,0,0,0,0,0,0,0,0,0,0,0,0,0,0,0,0,0,2,0,0,0,0,0,0,0,0,0,0,0,0,0,0,0,0,0,0,0,0,0,0,0,0,0,0,0,0,0,0,0,0,0,0,0,0,0,0,0,0,0,0,0,0,0,0,0,0,0,0,0,0,0,0,0,0,,water,Wye,11,2,15,75,24.54,1.86
W59,1119,651,185,539,143,7,0,17,0,12,50,8,7,0,19,0,0,0,0,0,0,0,0,0,6,0,0,0,0,0,0,0,0,0,0,0,0,0,0,0,0,0,0,0,0,0,0,0,0,0,0,0,0,0,0,0,0,0,0,0,0,0,0,0,0,0,0,0,0,0,0,0,0,0,0,0,0,0,0,0,0,0,0,0,0,0,0,0,0,0,0,0,0,0,0,0,0,0,0,0,,water,Wye,11,3,15,75,14.59,1.9
W6,502,312,106,413,103,8,0,10,0,7,11,0,20,0,15,0,0,0,0,0,0,0,0,0,0,0,0,0,0,0,0,0,0,0,0,0,0,0,0,0,0,0,0,0,0,0,0,0,0,0,0,0,0,0,0,0,0,0,0,0,0,0,0,0,0,0,0,0,0,0,0,0,0,0,0,3,0,0,0,0,0,0,0,0,0,0,0,0,0,0,0,0,0,0,0,0,0,0,0,0,,water,Wye,4,1,9,75,80,2.04
W60,1104,705,216,314,96,14,0,0,0,20,26,0,33,0,24,0,0,0,0,7,0,0,0,0,0,0,0,0,0,0,0,0,0,0,0,0,0,0,0,0,0,0,0,0,0,0,0,0,0,0,0,0,0,0,0,0,0,0,0,0,0,0,0,0,0,0,0,0,0,0,0,0,0,0,0,0,0,0,0,0,0,0,0,0,0,0,0,0,0,0,0,0,0,0,0,0,0,0,0,0,,water,Wye,12,1,15,75,47.53,1.9
W7,458,347,100,234,88,13,0,0,0,0,14,0,13,0,0,0,0,0,0,0,0,0,0,0,4,0,0,0,0,0,0,0,0,0,0,0,0,0,0,0,0,0,0,0,0,0,0,0,0,0,0,0,0,0,0,0,0,0,0,0,0,0,0,0,0,0,0,0,0,0,0,0,0,0,0,0,0,0,0,0,0,0,0,0,0,0,0,0,0,0,0,0,0,0,0,0,0,0,0,0,,water,Wye,5,1,9,75,71.1,2.03
W8,670,274,52,155,45,0,0,22,0,0,12,6,17,0,0,0,0,0,0,0,0,0,0,0,0,0,0,0,0,0,0,0,0,0,0,0,0,0,0,0,0,0,0,0,0,0,0,0,0,0,0,0,0,0,0,0,0,0,0,0,0,0,0,0,0,0,0,0,0,0,0,0,0,0,0,0,0,0,0,0,0,0,0,0,0,0,0,0,0,0,0,0,0,0,0,0,0,0,0,0,,water,Wye,5,2,9,75,32.1,2.12
W9,388,543,39,315,87,0,0,5,0,4,17,0,21,0,0,0,0,0,0,0,0,0,0,0,0,0,0,0,0,0,0,0,0,0,0,0,0,0,0,0,2,0,0,0,0,0,0,0,0,0,0,0,0,0,0,0,0,0,0,0,0,0,0,0,0,0,0,0,0,0,0,0,2,0,0,0,0,0,0,0,0,0,0,0,0,0,0,0,0,0,0,0,0,0,0,0,0,0,0,0,,water,Wye,5,3,9,75,44.3,2.02
Zymo-Pos-Ctrl,0,246,0,0,0,0,0,0,455,0,0,0,0,0,0,0,0,0,0,0,0,0,0,0,0,0,0,0,0,0,0,0,0,0,0,0,0,0,0,0,0,0,0,0,0,0,0,0,0,0,0,0,0,0,0,0,0,0,0,0,0,0,0,0,0,0,0,0,0,0,0,0,0,0,0,0,0,0,0,0,0,0,0,0,0,0,0,0,0,0,0,0,0,0,0,0,0,0,0,0,,control_pos,,,,,,50,